worker_id	onbarded_date	birth_year	gender	academic_degree
501767d1cb022453170004dc	2012-07-31 05:06:25 UTC	1993	Male	"[""Higher Secondary or equivalent level""]"
503b89aacb02245d320001a4	2012-08-27 14:52:26 UTC	1987	Male	[]
50531712cb022432f3000f27	2012-09-14 11:37:54 UTC	1980	Male	"[""Higher Secondary or equivalent level""]"
5059b9b4cb02246c1200017d	2012-09-19 12:25:24 UTC	1990	Male	"[""Bachelor's or equivalent level""]"
50b59592ed964941970005b6	2012-11-28 04:39:46 UTC	1990	Male	"[""Higher Secondary or equivalent level""]"
50b6078eed9649419f000758	2012-11-28 12:46:06 UTC	1991	Female	"[""Bachelor's or equivalent level""]"
50c08ac0c32206041f000109	2012-12-06 12:08:33 UTC	1992	Male	"[""Master's or equivalent level""]"
50c95201ed9649711300004f	2012-12-13 03:56:49 UTC	1986	Male	[]
50ca9696cb0224456b0012ba	2012-12-14 03:01:42 UTC	1989	Male	"[""Bachelor's or equivalent level""]"
50cdd243ed9649443f00035b	2012-12-16 13:53:07 UTC	1995	Female	"[""Higher Secondary or equivalent level""]"
51079fdfed964964d2000179	2013-01-29 10:09:35 UTC	1967	Male	"[""Higher Secondary or equivalent level""]"
51089b31c322063455000002	2013-01-30 04:01:54 UTC	1989	Male	"[""Bachelor's or equivalent level""]"
5118accfc322062341000924	2013-02-11 08:33:20 UTC	1991	Male	"[""Secondary or equivalent level""]"
5119d07bed964935a800008b	2013-02-12 05:17:47 UTC	1994	Male	"[""Higher Secondary or equivalent level""]"
512c57a2ed96497cdf0015e0	2013-02-26 06:35:14 UTC	1991	Female	[]
512c86cccb02243aa6001cf8	2013-02-26 09:56:28 UTC	1982	Male	"[""Master's or equivalent level"", ""Bachelor's or equivalent level"", ""Higher Secondary or equivalent level""]"
512dbf09c32206698e000518	2013-02-27 08:08:41 UTC	1984	Male	"[""Higher Secondary or equivalent level"", ""Bachelor's or equivalent level"", ""Master's or equivalent level""]"
512edcaec322065155001468	2013-02-28 04:27:26 UTC	1993	Male	"[""Bachelor's or equivalent level""]"
51389e33c322064b71002157	2013-03-07 14:03:31 UTC	1988	Male	"[""Higher Secondary or equivalent level""]"
513ff1fac3220622d8002e1c	2013-03-13 03:26:50 UTC	1992	Male	"[""Bachelor's or equivalent level""]"
51629bcc863a9946a900035c	2013-04-08 10:28:35 UTC	1989	Male	[]
5166daad863a992d14003da9	2013-04-11 15:45:53 UTC	1983	Male	"[""Higher Secondary or equivalent level""]"
516b75a6b684b0519e00c802	2013-04-15 03:36:11 UTC	1991	Male	"[""Bachelor's or equivalent level""]"
5178ebb6ed9649765a000166	2013-04-25 08:39:18 UTC	1989	Male	"[""Higher Secondary or equivalent level""]"
517f7f62863a99173a0019ed	2013-04-30 08:23:07 UTC	1989	Male	"[""Master's or equivalent level""]"
518ca54f863a9902a40010db	2013-05-10 07:44:23 UTC	1990	Male	"[""Bachelor's or equivalent level"", ""Higher Secondary or equivalent level"", ""Secondary or equivalent level""]"
519601cfb684b00b8e001df3	2013-05-17 10:09:26 UTC	1994	Male	"[""Bachelor's or equivalent level""]"
51962211b684b00bd4004770	2013-05-17 12:27:01 UTC	1980	Female	"[""Master's or equivalent level""]"
51a33eb1863a99725c00396c	2013-05-27 11:08:46 UTC	1990	Male	"[""Bachelor's or equivalent level""]"
51b56c4fb684b0071d001be7	2013-06-10 06:04:05 UTC	1994	Male	"[""Bachelor's or equivalent level""]"
51b59aca863a991ad3005a6f	2013-06-10 09:22:19 UTC	1994	Male	[]
51c7f982b684b0ab8f026427	2013-06-24 07:47:16 UTC	1991	Male	[]
51c922b8863a99745f013211	2013-06-25 04:55:23 UTC	1952	Male	"[""Bachelor's or equivalent level"", ""Master's or equivalent level""]"
51e60f42863a99e7d5025708	2013-07-17 03:28:07 UTC	1995	Male	"[""Higher Secondary or equivalent level""]"
51e616d5863a9934c90261c1	2013-07-17 04:00:26 UTC	1995	Male	"[""Higher Secondary or equivalent level"", ""Bachelor's or equivalent level""]"
51e65c79b684b072b802aa05	2013-07-17 08:57:35 UTC	1986	Male	"[""Bachelor's or equivalent level""]"
51ff1ed1863a99a5d3002c40	2013-08-05 03:41:10 UTC	1980	Female	"[""Bachelor's or equivalent level""]"
520320d2863a990cf200ddf7	2013-08-08 04:38:46 UTC	1992	Male	"[""Bachelor's or equivalent level"", ""Higher Secondary or equivalent level"", ""Secondary or equivalent level""]"
5208c83db684b001ec000c79	2013-08-12 11:34:26 UTC	1990	Male	"[""Higher Secondary or equivalent level""]"
521ae408b684b0370203c22e	2013-08-26 05:14:10 UTC	1988	Male	"[""Bachelor's or equivalent level""]"
521ae474b684b0a1a903cb63	2013-08-26 05:15:55 UTC	1991	Male	"[""Higher Secondary or equivalent level""]"
521f2fa7863a99cb29000159	2013-08-29 11:25:32 UTC	1995	Male	[]
5227f4bc863a996ea200ea7a	2013-09-05 03:04:55 UTC	1995	Male	"[""Higher Secondary or equivalent level""]"
522847d0b684b0acd8003551	2013-09-05 08:59:22 UTC	1986	Male	"[""Bachelor's or equivalent level""]"
52286b2eb684b05f3f00616e	2013-09-05 11:30:11 UTC	1988	Male	"[""Bachelor's or equivalent level""]"
5229b417b684b08fa8006f8b	2013-09-06 10:53:16 UTC	1995	Female	"[""Higher Secondary or equivalent level""]"
522de816b684b076ee008bab	2013-09-09 15:24:27 UTC	1993	Male	"[""Bachelor's or equivalent level""]"
522de816b684b076ee008bac	2013-09-09 15:24:27 UTC	1992	Female	"[""Bachelor's or equivalent level""]"
522f09e2863a99274e00648d	2013-09-10 12:00:34 UTC	1993	Male	"[""Bachelor's or equivalent level""]"
5232d065863a99092101733d	2013-09-13 08:44:35 UTC	1993	Male	"[""Higher Secondary or equivalent level""]"
5236b96fb684b007c5001715	2013-09-16 07:55:32 UTC	1988	Male	[]
523949ca3465040cdb0078ac	2013-09-18 06:35:58 UTC	1994	Male	"[""Higher Secondary or equivalent level""]"
52403801346504a5d0001e71	2013-09-23 12:45:57 UTC	1993	Male	"[""Bachelor's or equivalent level""]"
52491218807fcd0b0a039e5c	2013-09-30 05:54:36 UTC	1990	Male	"[""Bachelor's or equivalent level""]"
525286d5863a990fd703248f	2013-10-07 10:03:07 UTC	1990	Male	"[""Bachelor's or equivalent level""]"
525e0c13807fcd982f03e0a0	2013-10-16 03:46:31 UTC	1991	Female	"[""Bachelor's or equivalent level""]"
526f7299346504becc043687	2013-10-29 08:32:32 UTC	1995	Male	"[""Higher Secondary or equivalent level""]"
52723f6a863a99bb49005029	2013-10-31 11:30:54 UTC	1994	Female	"[""Bachelor's or equivalent level""]"
527345fb34650437bd011f58	2013-11-01 06:11:12 UTC	1992	Female	"[""Bachelor's or equivalent level""]"
527484feb684b0734e021055	2013-11-02 04:52:21 UTC	1994	Male	"[""Higher Secondary or equivalent level""]"
52833d27863a9990e702e220	2013-11-13 08:49:48 UTC	1991	Male	"[""Bachelor's or equivalent level""]"
52a6f377863a99a06f001cc4	2013-12-10 10:57:01 UTC	1993	Male	"[""Higher Secondary or equivalent level""]"
52ae981f863a9953ae064312	2013-12-16 06:05:26 UTC	1992	Female	"[""Master's or equivalent level""]"
52bad53e863a999598061739	2013-12-25 12:53:27 UTC	1995	Female	"[""Higher Secondary or equivalent level""]"
52c304a6b684b076eb007eed	2013-12-31 17:53:46 UTC	1988	Female	"[""Master's or equivalent level""]"
52dc8819b684b02135020212	2014-01-20 02:21:44 UTC	1992	Male	"[""Bachelor's or equivalent level""]"
52e87936b684b0c81a032170	2014-01-29 03:45:07 UTC	1995	Male	[]
54896d76fc4e7e0f300000b4	2014-12-11 10:10:52 UTC	1993	Male	"[""Higher Secondary or equivalent level""]"
54d95e9ffc4e7e009100281d	2015-02-10 01:28:31 UTC	1993	Male	"[""Higher Secondary or equivalent level""]"
5668f692fc4e7e2ef60007c0	2015-12-10 03:50:48 UTC	1990	Male	"[""Higher Secondary or equivalent level""]"
566fc7ddfc4e7e7cd7000cff	2015-12-15 07:57:23 UTC	1990	Female	"[""Master's or equivalent level""]"
566fc951fc4e7e3aac0008a8	2015-12-15 08:03:36 UTC	1996	Male	"[""Higher Secondary or equivalent level""]"
566fc9c6fc4e7e1195000d55	2015-12-15 08:05:33 UTC	1993	Male	"[""Bachelor's or equivalent level""]"
56711cfafc4e7edcd20009e6	2015-12-16 08:12:51 UTC	1993	Male	"[""Higher Secondary or equivalent level""]"
56711d03fc4e7edcd20009f4	2015-12-16 08:12:58 UTC	1996	Male	"[""Bachelor's or equivalent level""]"
5671322cfc4e7e5c95000ed9	2015-12-16 09:43:13 UTC	1997	Male	"[""Higher Secondary or equivalent level""]"
567135c8fc4e7eba11000f6d	2015-12-16 09:58:37 UTC	1993	Female	"[""Bachelor's or equivalent level""]"
56713d9bfc4e7e452a000a34	2015-12-16 10:32:05 UTC	1996	Male	"[""Higher Secondary or equivalent level""]"
5677cbdcfc4e7eb2f2000010	2015-12-21 09:52:35 UTC	1997	Male	"[""Secondary or equivalent level""]"
5677cd34fc4e7e267400002c	2015-12-21 09:58:19 UTC	1996	Female	"[""Higher Secondary or equivalent level"", ""Secondary or equivalent level""]"
5678bf85fc4e7e2b77000047	2015-12-22 03:12:12 UTC	1993	Male	"[""Bachelor's or equivalent level""]"
5678c14efc4e7e8c1500003d	2015-12-22 03:19:48 UTC	1994	Male	"[""Higher Secondary or equivalent level""]"
5678c86cfc4e7e6e7e00004c	2015-12-22 03:50:10 UTC	1993	Male	"[""Bachelor's or equivalent level""]"
5678c872fc4e7e6e7e00005a	2015-12-22 03:50:19 UTC	1993	Female	"[""Bachelor's or equivalent level""]"
5678c87cfc4e7e6e7e000068	2015-12-22 03:50:25 UTC	1993	Male	"[""Bachelor's or equivalent level""]"
5678c882fc4e7e6e7e000076	2015-12-22 03:50:33 UTC	1992	Female	"[""Bachelor's or equivalent level"", ""Higher Secondary or equivalent level"", ""Secondary or equivalent level""]"
5678e1a0fc4e7e9e0b000078	2015-12-22 05:37:43 UTC	1990	Female	"[""Bachelor's or equivalent level""]"
5678e1a8fc4e7e9e0b000086	2015-12-22 05:37:50 UTC	1982	Male	"[""Secondary or equivalent level""]"
5678e3abfc4e7e8e47000043	2015-12-22 05:46:25 UTC	1995	Male	"[""Higher Secondary or equivalent level""]"
56ea2b6a63428b4ec3000063	2016-03-17 03:58:34 UTC			[]
570b4757cb63b02e36000457	2016-04-11 06:42:32 UTC			[]
570b47d0651bb1017e000335	2016-04-11 06:44:33 UTC			[]
573c2410651bb1ae90000516	2016-05-18 08:13:05 UTC			[]
